{
    "epoch": {
        "0": 0,
        "1": 1,
        "2": 2,
        "3": 3,
        "4": 4,
        "5": 5,
        "6": 6,
        "7": 7,
        "8": 8,
        "9": 9,
        "10": 10,
        "11": 11,
        "12": 12,
        "13": 13,
        "14": 14,
        "15": 15,
        "16": 16,
        "17": 17,
        "18": 18,
        "19": 19,
        "20": 20,
        "21": 21,
        "22": 22,
        "23": 23,
        "24": 24,
        "25": 25,
        "26": 26,
        "27": 27,
        "28": 28,
        "29": 29,
        "30": 30,
        "31": 31,
        "32": 32,
        "33": 33,
        "34": 34,
        "35": 35,
        "36": 36,
        "37": 37,
        "38": 38,
        "39": 39,
        "40": 40,
        "41": 41,
        "42": 42,
        "43": 43,
        "44": 44,
        "45": 45,
        "46": 46,
        "47": 47,
        "48": 48,
        "49": 49,
        "50": 50,
        "51": 51,
        "52": 52,
        "53": 53,
        "54": 54,
        "55": 55,
        "56": 56,
        "57": 57,
        "58": 58,
        "59": 59,
        "60": 60,
        "61": 61,
        "62": 62,
        "63": 63,
        "64": 64,
        "65": 65,
        "66": 66,
        "67": 67,
        "68": 68,
        "69": 69,
        "70": 70,
        "71": 71,
        "72": 72,
        "73": 73,
        "74": 74,
        "75": 75,
        "76": 76,
        "77": 77,
        "78": 78,
        "79": 79,
        "80": 80,
        "81": 81,
        "82": 82,
        "83": 83,
        "84": 84,
        "85": 85,
        "86": 86,
        "87": 87,
        "88": 88,
        "89": 89,
        "90": 90,
        "91": 91,
        "92": 92,
        "93": 93,
        "94": 94,
        "95": 95,
        "96": 96,
        "97": 97,
        "98": 98,
        "99": 99
    },
    "accuracy": {
        "0": 0.53125,
        "1": 0.7083333,
        "2": 0.75,
        "3": 0.8229167,
        "4": 0.7916667,
        "5": 0.7708333,
        "6": 0.78125,
        "7": 0.7916667,
        "8": 0.8229167,
        "9": 0.7916667,
        "10": 0.875,
        "11": 0.8020833,
        "12": 0.8333333,
        "13": 0.8333333,
        "14": 0.8020833,
        "15": 0.7916667,
        "16": 0.78125,
        "17": 0.8125,
        "18": 0.875,
        "19": 0.8645833,
        "20": 0.9270833,
        "21": 0.8541667,
        "22": 0.875,
        "23": 0.84375,
        "24": 0.8333333,
        "25": 0.875,
        "26": 0.8333333,
        "27": 0.8541667,
        "28": 0.8854167,
        "29": 0.8229167,
        "30": 0.8958333,
        "31": 0.875,
        "32": 0.875,
        "33": 0.9166667,
        "34": 0.8541667,
        "35": 0.8958333,
        "36": 0.9166667,
        "37": 0.875,
        "38": 0.8958333,
        "39": 0.8645833,
        "40": 0.8854167,
        "41": 0.8958333,
        "42": 0.8958333,
        "43": 0.8541667,
        "44": 0.9270833,
        "45": 0.90625,
        "46": 0.8854167,
        "47": 0.875,
        "48": 0.8958333,
        "49": 0.8645833,
        "50": 0.8645833,
        "51": 0.9166667,
        "52": 0.8958333,
        "53": 0.8958333,
        "54": 0.9375,
        "55": 0.8958333,
        "56": 0.9375,
        "57": 0.9166667,
        "58": 0.875,
        "59": 0.8958333,
        "60": 0.9166667,
        "61": 0.875,
        "62": 0.875,
        "63": 0.90625,
        "64": 0.9270833,
        "65": 0.9166667,
        "66": 0.9270833,
        "67": 0.8958333,
        "68": 0.8958333,
        "69": 0.9270833,
        "70": 0.8958333,
        "71": 0.8854167,
        "72": 0.90625,
        "73": 0.9270833,
        "74": 0.90625,
        "75": 0.8645833,
        "76": 0.9166667,
        "77": 0.8958333,
        "78": 0.8958333,
        "79": 0.9270833,
        "80": 0.9166667,
        "81": 0.8958333,
        "82": 0.9270833,
        "83": 0.9375,
        "84": 0.8541667,
        "85": 0.8958333,
        "86": 0.8958333,
        "87": 0.9479167,
        "88": 0.90625,
        "89": 0.9166667,
        "90": 0.8854167,
        "91": 0.8854167,
        "92": 0.9375,
        "93": 0.8958333,
        "94": 0.9166667,
        "95": 0.8958333,
        "96": 0.9270833,
        "97": 0.9479167,
        "98": 0.9270833,
        "99": 0.8854167
    },
    "loss": {
        "0": 1.6501358747,
        "1": 0.8593805432,
        "2": 0.7508425911,
        "3": 0.5521237055,
        "4": 0.4947079817,
        "5": 0.6042808294,
        "6": 0.5145447751,
        "7": 0.436233898,
        "8": 0.3830807606,
        "9": 0.3970765968,
        "10": 0.3688007991,
        "11": 0.4120919903,
        "12": 0.4550070167,
        "13": 0.4119422932,
        "14": 0.4301710625,
        "15": 0.5304537416,
        "16": 0.4058950444,
        "17": 0.3860073984,
        "18": 0.287409837,
        "19": 0.3079903722,
        "20": 0.285069416,
        "21": 0.3387322426,
        "22": 0.3106795549,
        "23": 0.3494417767,
        "24": 0.3572743187,
        "25": 0.3304238617,
        "26": 0.3393860161,
        "27": 0.293976893,
        "28": 0.2735089064,
        "29": 0.3791200221,
        "30": 0.2972122828,
        "31": 0.3473829826,
        "32": 0.3091185788,
        "33": 0.2968583902,
        "34": 0.3829556704,
        "35": 0.2766120384,
        "36": 0.2477913151,
        "37": 0.2641469936,
        "38": 0.2549202442,
        "39": 0.2836793214,
        "40": 0.313697497,
        "41": 0.2349655479,
        "42": 0.2944093446,
        "43": 0.2843664636,
        "44": 0.1917689343,
        "45": 0.1875131329,
        "46": 0.255345876,
        "47": 0.2080774009,
        "48": 0.2388295035,
        "49": 0.2175338666,
        "50": 0.3391142289,
        "51": 0.2317610284,
        "52": 0.2233643879,
        "53": 0.2031579614,
        "54": 0.2042161549,
        "55": 0.2283675671,
        "56": 0.247985065,
        "57": 0.1915052086,
        "58": 0.214652429,
        "59": 0.2178302705,
        "60": 0.1977241238,
        "61": 0.2382152925,
        "62": 0.2411118696,
        "63": 0.163485003,
        "64": 0.2340436081,
        "65": 0.2204286406,
        "66": 0.1746086727,
        "67": 0.1958051398,
        "68": 0.2400950044,
        "69": 0.1855869343,
        "70": 0.1880944769,
        "71": 0.2167529116,
        "72": 0.1897159119,
        "73": 0.2189758072,
        "74": 0.1665436924,
        "75": 0.2612195586,
        "76": 0.1936051697,
        "77": 0.1781692952,
        "78": 0.1835826387,
        "79": 0.1886322498,
        "80": 0.2050379018,
        "81": 0.179023236,
        "82": 0.1696719825,
        "83": 0.198479717,
        "84": 0.2341881196,
        "85": 0.2215803688,
        "86": 0.218599389,
        "87": 0.145646284,
        "88": 0.1852956861,
        "89": 0.2019978811,
        "90": 0.2178868651,
        "91": 0.2603868743,
        "92": 0.1413901821,
        "93": 0.1811540872,
        "94": 0.2331265261,
        "95": 0.2293400466,
        "96": 0.2092531646,
        "97": 0.1612971872,
        "98": 0.1921763594,
        "99": 0.2394129038
    },
    "val_accuracy": {
        "0": 0.875,
        "1": 0.875,
        "2": 0.875,
        "3": 0.875,
        "4": 0.875,
        "5": 0.875,
        "6": 0.875,
        "7": 0.8333333135,
        "8": 0.875,
        "9": 0.875,
        "10": 0.875,
        "11": 0.875,
        "12": 0.875,
        "13": 0.875,
        "14": 0.875,
        "15": 0.875,
        "16": 0.875,
        "17": 0.875,
        "18": 0.875,
        "19": 0.875,
        "20": 0.875,
        "21": 0.875,
        "22": 0.875,
        "23": 0.875,
        "24": 0.875,
        "25": 0.875,
        "26": 0.875,
        "27": 0.875,
        "28": 0.875,
        "29": 0.9583333135,
        "30": 0.9583333135,
        "31": 0.9166666865,
        "32": 0.9583333135,
        "33": 0.9583333135,
        "34": 0.9583333135,
        "35": 0.875,
        "36": 0.875,
        "37": 0.9583333135,
        "38": 0.9583333135,
        "39": 0.9583333135,
        "40": 0.9583333135,